{
  "id": 913,
  "version": 1,
  "name": "Konachan Pool",
  "author": "TsukiSeele",
  "rating": "S",
  "details": "Booru图库，Konachan的画集池，收录ACGN画集",
  "flag": "",
  "type": "comic",
  "icon": "https://konachan.com/favicon.ico",
  "headers": {
    "Referer": "https://konachan.com/"
  },
  "sections": {
    "home": {
      "index": "https://konachan.com/pool?page={page:0}",
      "rules": {
        "title": {
          "selector": "$(.even td a, .odd td a).text()"
        },
        "coverUrl": {
          "regex": "\"preview_url\":\"(.*?)\""
        },
        "sampleUrl_": {
          "regex": "\"sample_url\":\"(.*?)\""
        },
        "largerUrl_": {
          "regex": "\"jpeg_url\":\"(.*?)\""
        },
        "originUrl_": {
          "regex": "\"file_url\":\"(.*?)\""
        },
        "$children": {
          "regex": "hover_row\\s=\\s\\$\\(\"p(\\d+)\"\\)",
          "capture": "(.*)",
          "replacement": "https://konachan.com/pool/show/$1",
          "rules": {
            "title": {
              "selector": "$(#post-list-posts > li).attr(id)",
              "capture": "p(.+)",
              "replacement": "$1"
            },
            "tags": {
              "selector": "$(#image).attr(alt)"
            },
            "coverUrl": {
              "selector": "$(.preview).attr(src)"
            },
            "datetime": {
              "selector": "$(script#forum-posts-latest).html()",
              "capture": "(\\d{4}-\\d{2}-\\d{2})T(\\d{2}:\\d{2}:\\d{2})",
              "replacement": "$1 $2"
            },
            "$children": {
              "selector": "$(.thumb).attr(href)",
              "capture": "(.+)",
              "replacement": "https://konachan.com$1",
              "flat": true,
              "rules": {
                "sampleUrl": {
                  "selector": "$(#image).attr(src)"
                },
                "largerUrl": {
                  "selector": "$(a#highres).attr(href)"
                },
                "originUrl": {
                  "selector": "$(a#png).attr(href)"
                }
              }
            }
          }
        }
      }
    },
    "search": {
      "index": "https://konachan.com/post?page={page:0}&tags={keywords:}",
      "reuse": "home"
    }
  }
}
