{
  "id": 302,
  "version": 2,
  "name": "E-Hentai",
  "author": "TsukiSeele",
  "type": "comic",
  "rating": "R",
  "details": "E绅士，这里是表站，需要梯子，本子比里站要少，有条件就用里站吧！",
  "icon": "https://e-hentai.org/favicon.ico",
  "headers": {
    "Cookie": "igneous=ed27332b5; ipb_member_id=4249385; ipb_pass_hash=887e9708aaae76e7161526fd299cff64; sl=dm_1;"
  },
  "sections": {
    "home": {
      "index": "https://e-hentai.org/?page={page:-1}",
      "rules": [
        {
          "title": {
            "selector": "$(.gl4t.glname).text()"
          },
          "coverUrl": {
            "selector": "$(.gl3t a img).attr(src)"
          },
          "$children": {
            "selector": "$(.gl3t a).attr(href)",
            "capture": ".*",
            "replacement": "$0?inline_set=ts_l&p={page:0}"
          }
        },
        {
          "title": {
            "selector": "$(div.gdtl a img).attr(alt)",
            "capture": "(.*)",
            "replacement": "$1"
          },
          "tags": {
            "selector": "$(meta[name=description]).attr(content)",
            "capture": "-\\sTags:(.*)",
            "replacement": "$1"
          },
          "coverUrl": {
            "selector": "$(.gdtl > a > img).attr(src)"
          },
          "$children": {
            "selector": "$(.gdtl > a).attr(href)"
          }
        },
        {
          "originUrl": {
            "selector": "$(#img).attr(src)"
          }
        }
      ]
    },
    "search": {
      "index": "https://e-hentai.org/?f_search={keywords:}&page={page:-1}",
      "reuse": "home"
    }
  }
}
