{
  "id": 917,
  "version": 2,
  "name": "Moeimg",
  "author": "TsukiSeele",
  "type": "comic",
  "rating": "Q",
  "details": "ACG图集，二次元工口画像",
  "flag": "",
  "icon": "http://img.moeimg.net/wp-content/uploads/favicon.ico",
  "sections": {
    "home": {
      "index": "http://moeimg.net/page/{page:}",
      "rules": [
        {
          "title": {
            "selector": "$(.thumbnail_image).attr(alt)"
          },
          "$children": {
            "selector": "$(.box.list > a).attr(href)"
          },
          "coverUrl": {
            "selector": "$(.thumbnail_image).attr(src)"
          },
          "tags": {
            "selector": "$(div.tag).text()"
          }
        },
        {
          "originUrl": {
            "selector": "$(.thumbnail_image).attr(src)"
          },
          "coverUrl": {
            "selector": "$(.thumbnail_image).attr(src)"
          }
        }
      ]
    },
    "search": {
      "index": "http://moeimg.net/tag/{keywords:}/page/{page:}",
      "reuse": "home"
    }
  }
}
