{
  "id": 914,
  "version": 1,
  "name": "Konachan",
  "author": "TsukiSeele",
  "rating": "S",
  "details": "Booru图库，收录ACGN壁纸",
  "flag": "",
  "type": "image",
  "icon": "https://konachan.com/favicon.ico",
  "headers": {
    "Referer": "https://konachan.com/"
  },
  "sections": {
    "home": {
      "index": "https://konachan.com/post?page={page:0}",
      "rules": [
        {
          "title": {
            "selector": "$(#post-list-posts > li).attr(id)",
            "capture": "p(.*)",
            "replacement": "Konachan $1"
          },
          "coverUrl": {
            "selector": "$(.thumb > .preview).attr(src)"
          },
          "largerUrl": {
            "selector": "$(.directlink.smallimg).attr(href)"
          },
          "$children": {
            "selector": "$(.thumb).attr(href)",
            "capture": "(.*)",
            "replacement": "https://konachan.com$1"
          }
        },
        {
          "tags": {
            "selector": "$(#image).attr(alt)"
          },
          "sampleUrl": {
            "selector": "$(#image).attr(src)"
          },
          "largerUrl": {
            "selector": "$(li > a#highres).attr(href)"
          },
          "originUrl": {
            "selector": "$(li > a#png).attr(href)"
          },
          "datetime": {
            "selector": "$(script#forum-posts-latest).html()",
            "capture": "(\\d{4}-\\d{2}-\\d{2})T(\\d{2}:\\d{2}:\\d{2})",
            "replacement": "$1 $2"
          }
        }
      ]
    },
    "search": {
      "index": "https://konachan.com/post?page={page:0}&tags={keywords:}",
      "reuse": "home"
    }
  }
}
