{
  "id": 908,
  "version": 2,
  "name": "Gelbooru",
  "author": "TsukiSeele",
  "type": "image",
  "rating": "Q",
  "icon": "http://gelbooru.com/favicon.ico",
  "details": "Booru图库，收录ACGN插画",
  "sections": {
    "home": {
      "index": "https://gelbooru.com/index.php?page=post&s=list&pid={page:-1,42}",
      "rules": [
        {
          "title": {
            "selector": "$(.thumbnail-preview a).attr(id)",
            "capture": "(?<=p).*",
            "replacement": "Gelbooru $0"
          },
          "coverUrl": {
            "selector": "$(.thumbnail-preview img).attr(src)"
          },
          "next": {
            "selector": "$(.thumbnail-preview a).attr(href)"
          }
        },
        {
          "title": {
            "selector": "$(title).text()"
          },
          "tags": {
            "selector": "$(#tags).text()"
          },
          "sampleUrl": {
            "selector": "$(#image).attr(src)"
          },
          "originUrl": {
            "selector": "$([rel=noopener]).attr(href)"
          }
        }
      ]
    },
    "search": {
      "index": "https://gelbooru.com/index.php?page=post&s=list&tags={keywords:}&pid={page:-1, 42}",
      "reuse": "home"
    }
  }
}
